"@id","compartment::cytoskeleton","compartment::cytosol","compartment::endoplasmic reticulum","compartment::endosome","compartment::extracellular","compartment::golgi apparatus","compartment::lysosome","compartment::mitochondrion","compartment::nucleus","compartment::peroxisome","compartment::plasma membrane","display name","name","query term","selected","shared name","stringdb::canonical name","stringdb::database identifier","stringdb::description","stringdb::enhancedLabel Passthrough","stringdb::full name","stringdb::imageurl","stringdb::namespace","stringdb::node color","stringdb::node type","stringdb::sequence","stringdb::species","stringdb::STRING style","stringdb::structures","target::development level","target::family","tissue::adrenal gland","tissue::blood","tissue::bone","tissue::bone marrow","tissue::eye","tissue::gall bladder","tissue::heart","tissue::intestine","tissue::kidney","tissue::liver","tissue::lung","tissue::muscle","tissue::nervous system","tissue::pancreas","tissue::saliva","tissue::skin","tissue::spleen","tissue::stomach","tissue::thyroid gland","tissue::urine"
"stringdb:9606.ENSP00000497587","1.343259","4.329219","1.454929","0.562209","1.433572",,"1.124238","4.796992","2.046433","1.300202","1.444216","NDUFV1","9606.ENSP00000497587","NDUFV1","false","9606.ENSP00000497587","NDUV1_HUMAN","9606.ENSP00000497587","NADH dehydrogenase [ubiquinone] flavoprotein 1, mitochondrial; Core subunit of the mitochondrial membrane respiratory chain NADH dehydrogenase (Complex I) that is believed to belong to the minimal assembly required for catalysis. Complex I functions in the transfer of electrons from NADH to the respiratory chain. The immediate electron acceptor for the enzyme is believed to be ubiquinone (By similarity).","label: attribute=""display name"" labelsize=12 labelAlignment=left position=northeast outline=true outlineColor=white outlineTransparency=95 outlineWidth=10 background=false color=black dropShadow=false",,"https://version-12-0.string-db.org//images/Proteinpictures/pdb/5x/5xtd_A.png","stringdb","rgb(117,118,239)","protein","MLATRRLLGWSLPARVSVRFSGDTTAPKKTSFGSLKDEDRIFTNLYGRHDWRLKGSLSRGDWYKTKEILLKGPDWILGEIKTSGLRGRGGAGFPTGLKWSFMNKPSDGRPKYLVVNADEGEPGTCKDREILRHDPHKLLEGCLVGGRAMGARAAYIYIRGEFYNEASNLQVAIREAYEAGLIGKNACGSGYDFDVFVVRGAGAYICGEETALIESIEGKQGKPRLKPPFPADVGVFGCPTTVANVETVAVSPTICRRGGTWFAGFGRERNSGTKLFNISGHVNHPCTVEEEMSVPLKELIEKHAGGVTGGWDNLLAVIPGGSSTPLIPKSVCETVLMDFDALVQAQTGLGTAAVIVMDRSTDIVKAIARLIEFYKHESCGQCTPCREGVDWMNKVMARFVRGDARPAEIDSLWEISKQIEGHTICALGDGAAWPVQGLIRHFRPELEERMQRFAQQHQARQAAS","Homo sapiens","string:","5xtd_A|AF-P49821","Tclin","Enzyme","2.391742","3.790078","1.910897","2.24893","4.775494","1.628048","3.84721","4.394958","4.804589","4.699428","4.282132","3.882308","4.985831","3.128085","1.696065","3.842531","2.272336","3.503914","2.320485","1.63749"
"stringdb:9606.ENSP00000268379","1.716528","2.25982","1.797652","1.151473","1.880738","0.973537","1.593384","4.889454","4.501474","1.685575","1.728708","UQCRC2","9606.ENSP00000268379","UQCRC2","false","9606.ENSP00000268379","QCR2_HUMAN","9606.ENSP00000268379","Cytochrome b-c1 complex subunit 2, mitochondrial; Component of the ubiquinol-cytochrome c oxidoreductase, a multisubunit transmembrane complex that is part of the mitochondrial electron transport chain which drives oxidative phosphorylation. The respiratory chain contains 3 multisubunit complexes succinate dehydrogenase (complex II, CII), ubiquinol-cytochrome c oxidoreductase (cytochrome b-c1 complex, complex III, CIII) and cytochrome c oxidase (complex IV, CIV), that cooperate to transfer electrons derived from NADH and succinate to molecular oxygen, creating an electrochemical gradie [...] ","label: attribute=""display name"" labelsize=12 labelAlignment=left position=northeast outline=true outlineColor=white outlineTransparency=95 outlineWidth=10 background=false color=black dropShadow=false",,"https://version-12-0.string-db.org//images/Proteinpictures/pdb/2y/2ybb_B.png","stringdb","rgb(239,143,117)","protein","MKLLTRAGSFSRFYSLKVAPKVKATAAPAGAPPQPQDLEFTKLPNGLVIASLENYSPVSRIGLFIKAGSRYEDFSNLGTTHLLRLTSSLTTKGASSFKITRGIEAVGGKLSVTATRENMAYTVECLRGDVDILMEFLLNVTTAPEFRRWEVADLQPQLKIDKAVAFQNPQTHVIENLHAAAYRNALANPLYCPDYRIGKVTSEELHYFVQNHFTSARMALIGLGVSHPVLKQVAEQFLNMRGGLGLSGAKANYRGGEIREQNGDSLVHAAFVAESAVAGSAEANAFSVLQHVLGAGPHVKRGSNTTSHLHQAVAKATQQPFDVSAFNASYSDSGLFGIYTISQATAAGDVIKAAYNQVKTIAQGNLSNTDVQAAKNKLKAGYLMSVESSECFLEEVGSQALVAGSYMPPSTVLQQIDSVANADIINAAKKFVSGQKSMAASGNLGHTPFVDEL","Homo sapiens","string:","2ybb_B|AF-P22695","Tbio","Enzyme","2.385572","3.286718","1.931461","2.37887","3.871357","1.85693","4.648984","4.336687","3.917393","4.827551","4.844081","3.808572","4.982292","3.596135","2.238066","4.682888","2.552677","3.53492","2.549652","1.976503"
"stringdb:9606.ENSP00000299166","1.527243","1.98508","1.583403","0.774975","2.535122","0.942788","1.46373","4.817371","2.171398","1.589975","1.605678","NDUFB8","9606.ENSP00000299166","NDUFB8","false","9606.ENSP00000299166","NDUB8_HUMAN","9606.ENSP00000299166","NADH dehydrogenase [ubiquinone] 1 beta subcomplex subunit 8, mitochondrial; Accessory subunit of the mitochondrial membrane respiratory chain NADH dehydrogenase (Complex I), that is believed not to be involved in catalysis. Complex I functions in the transfer of electrons from NADH to the respiratory chain. The immediate electron acceptor for the enzyme is believed to be ubiquinone.","label: attribute=""display name"" labelsize=12 labelAlignment=left position=northeast outline=true outlineColor=white outlineTransparency=95 outlineWidth=10 background=false color=black dropShadow=false",,"https://version-12-0.string-db.org//images/Proteinpictures/pdb/7q/7qsm_l.png","stringdb","rgb(117,239,129)","protein","MAVARAGVLGVQWLQRASRNVMPLGARTASHMTKDMFPGPYPRTPEERAAAAKKYNMRVEDYEPYPDDGMGYGDYPKLPDRSQHERDPWYSWDQPGLRLNWGEPMHWHLDMYNRNRVDTSPTPVSWHVMCMQLFGFLAFMIFMCWVGDVYPVYQPVGPKQYPYNNLYLERGGDPSKEPERVVHYEI","Homo sapiens","string:","5xtd_c|7qsm_l|AF-O95169","Tclin","Enzyme","2.508656","4.598214","1.51237","2.435091","3.118569","1.822168","3.769316","3.916154","3.373785","3.492559","4.853357","3.85785","4.938402","3.861095","1.906335","3.456373","2.491425","2.961411","2.558065","1.896893"
"stringdb:9606.ENSP00000425759","1.209782","1.587897","1.282531","0.802399","1.356307",,"1.05311","4.745178","2.046836","1.071665","1.327863","COX7C","9606.ENSP00000425759","COX7C","false","9606.ENSP00000425759","COX7C_HUMAN","9606.ENSP00000425759","Cytochrome c oxidase subunit 7C, mitochondrial; Component of the cytochrome c oxidase, the last enzyme in the mitochondrial electron transport chain which drives oxidative phosphorylation. The respiratory chain contains 3 multisubunit complexes succinate dehydrogenase (complex II, CII), ubiquinol- cytochrome c oxidoreductase (cytochrome b-c1 complex, complex III, CIII) and cytochrome c oxidase (complex IV, CIV), that cooperate to transfer electrons derived from NADH and succinate to molecular oxygen, creating an electrochemical gradient over the inner membrane that drives transmembrane [...] ","label: attribute=""display name"" labelsize=12 labelAlignment=left position=northeast outline=true outlineColor=white outlineTransparency=95 outlineWidth=10 background=false color=black dropShadow=false",,"https://version-12-0.string-db.org//images/Proteinpictures/pdb/2y/2y69_L.png","stringdb","rgb(117,236,239)","protein","MLGQSIRRFTTSVVRRSHYEEGPGKNLPFSVENKWSLLAKMCLYFGSAFATPFLVVRHQLLKT","Homo sapiens","string:","2y69_L|2ybb_W|AF-P15954","Tbio","Enzyme","2.615934","2.445998","0.803909","2.56689","2.680125","2.114166","4.866527","3.30051","3.360035","3.61897","4.731847","4.881246","4.183365","2.789618","2.291517","2.558939","3.004107","2.587862","2.680336","2.186391"
"stringdb:9606.ENSP00000317159","1.296785","2.024871","1.454661",,"1.473209","0.682302","1.096942","4.870677","4.35319","1.32273","1.62259","CYC1","9606.ENSP00000317159","CYC1","false","9606.ENSP00000317159","CY1_HUMAN","9606.ENSP00000317159","Cytochrome c1, heme protein, mitochondrial; Component of the ubiquinol-cytochrome c oxidoreductase, a multisubunit transmembrane complex that is part of the mitochondrial electron transport chain which drives oxidative phosphorylation. The respiratory chain contains 3 multisubunit complexes succinate dehydrogenase (complex II, CII), ubiquinol-cytochrome c oxidoreductase (cytochrome b-c1 complex, complex III, CIII) and cytochrome c oxidase (complex IV, CIV), that cooperate to transfer electrons derived from NADH and succinate to molecular oxygen, creating an electrochemical gradient ove [...] ","label: attribute=""display name"" labelsize=12 labelAlignment=left position=northeast outline=true outlineColor=white outlineTransparency=95 outlineWidth=10 background=false color=black dropShadow=false",,"https://version-12-0.string-db.org//images/Proteinpictures/pdb/4d/4d6u_D.png","stringdb","rgb(117,121,239)","protein","MAAAAASLRGVVLGPRGAGLPGARARGLLCSARPGQLPLRTPQAVALSSKSGLSRGRKVMLSALGMLAAGGAGLAMALHSAVSASDLELHPPSYPWSHRGLLSSLDHTSIRRGFQVYKQVCASCHSMDFVAYRHLVGVCYTEDEAKELAAEVEVQDGPNEDGEMFMRPGKLFDYFPKPYPNSEAARAANNGALPPDLSYIVRARHGGEDYVFSLLTGYCEPPTGVSLREGLYFNPYFPGQAIAMAPPIYTDVLEFDDGTPATMSQIAKDVCTFLRWASEPEHDHRKRMGLKMLMMMALLVPLVYTIKRHKWSVLKSRKLAYRPPK","Homo sapiens","string:","1qcr_D|2ybb_D|4d6u_D|AF-P08574","Tchem","Other","2.417198","2.849284","0.929023","2.087699","2.879733","1.429214","3.939466","3.554213","3.215049","4.647384","4.8729","4.108179","4.822196","3.785571","1.690196","4.821146","2.013515","3.154109","2.131869","1.628729"
"stringdb:9606.ENSP00000389160","1.279881","1.500552","1.412278","0.531078","1.630157",,"0.941155","4.541869","1.475663","1.905751","1.594269","NDUFA11","9606.ENSP00000389160","NDUFA11","false","9606.ENSP00000389160","NDUAB_HUMAN","9606.ENSP00000389160","NADH dehydrogenase [ubiquinone] 1 alpha subcomplex subunit 11; Accessory subunit of the mitochondrial membrane respiratory chain NADH dehydrogenase (Complex I), that is believed not to be involved in catalysis. Complex I functions in the transfer of electrons from NADH to the respiratory chain. The immediate electron acceptor for the enzyme is believed to be ubiquinone.","label: attribute=""display name"" labelsize=12 labelAlignment=left position=northeast outline=true outlineColor=white outlineTransparency=95 outlineWidth=10 background=false color=black dropShadow=false",,"https://version-12-0.string-db.org//images/Proteinpictures/pdb/5x/5xtd_V.png","stringdb","rgb(117,178,239)","protein","MAPKVFRQYWDIPDGTDCHRKAYSTTSIASVAGLTAAAYRVTLNPPGTFLEGVAKVGQYTFTAAAVGAVFGLTTCISAHVREKPDDPLNYFLGGCAGGLTLGARKTGSHCVVQAGLKLLASSSPHTSASQSAGIIGMSHCVQRFWVPSSSACLEVLSGESTDVHACSSTRGACNSSGSRPLPELGARASGSLRKGGHTHPAPRGAGALTPVQALIESLLNTLGSNPRT","Homo sapiens","string:","5xtd_V|AF-Q86Y39","Tclin","Enzyme","2.39024","4.531026","0.853314","2.297421","2.14451","1.886867","4.640152","2.428572","2.722387","2.685513","2.401622","3.197101","3.351249","1.750765","2.067691","2.349421","2.456619","1.837588","2.336245","1.91803"
"stringdb:9606.ENSP00000430494","1.051606","1.407987","1.157089","0.517069","1.21256",,"0.99904","4.763461","1.687949","1.205903","1.219855","UQCRB","9606.ENSP00000430494","UQCRB","false","9606.ENSP00000430494","QCR7_HUMAN","9606.ENSP00000430494","Cytochrome b-c1 complex subunit 7; Component of the ubiquinol-cytochrome c oxidoreductase, a multisubunit transmembrane complex that is part of the mitochondrial electron transport chain which drives oxidative phosphorylation. The respiratory chain contains 3 multisubunit complexes succinate dehydrogenase (complex II, CII), ubiquinol-cytochrome c oxidoreductase (cytochrome b-c1 complex, complex III, CIII) and cytochrome c oxidase (complex IV, CIV), that cooperate to transfer electrons derived from NADH and succinate to molecular oxygen, creating an electrochemical gradient over the inn [...] ","label: attribute=""display name"" labelsize=12 labelAlignment=left position=northeast outline=true outlineColor=white outlineTransparency=95 outlineWidth=10 background=false color=black dropShadow=false",,"https://version-12-0.string-db.org//images/Proteinpictures/pdb/5x/5xte_F.png","stringdb","rgb(189,239,117)","protein","MAGKQAVSASGKWLDGIRKWYYNAAGFNKLGLMRDDTIYEDEDVKEAIRRLPENLYNDRMFRIKRALDLNLKHQILPKEQWTKYEEVFAVPALHSASYLDEKISPLSVPPDPKKSFCEANSHPLNCIETRQRKISTLNRI","Homo sapiens","string:","5xte_F|AF-P14927","Tbio","Other","2.562262","2.835842","3.034559","2.474035","2.335131","1.845511","3.295601","2.715961","2.95872","4.556988","2.501975","3.988043","4.564816","2.297237","2.01396","2.377413","2.415523","2.392284","1.862131","4.3869"
"stringdb:9606.ENSP00000367939","1.156418","1.689577","1.172483",,"1.332254",,"0.83182","4.827996","1.961522","1.34445","1.239085","UQCRQ","9606.ENSP00000367939","UQCRQ","false","9606.ENSP00000367939","QCR8_HUMAN","9606.ENSP00000367939","Cytochrome b-c1 complex subunit 8; Component of the ubiquinol-cytochrome c oxidoreductase, a multisubunit transmembrane complex that is part of the mitochondrial electron transport chain which drives oxidative phosphorylation. The respiratory chain contains 3 multisubunit complexes succinate dehydrogenase (complex II, CII), ubiquinol-cytochrome c oxidoreductase (cytochrome b-c1 complex, complex III, CIII) and cytochrome c oxidase (complex IV, CIV), that cooperate to transfer electrons derived from NADH and succinate to molecular oxygen, creating an electrochemical gradient over the inn [...] ","label: attribute=""display name"" labelsize=12 labelAlignment=left position=northeast outline=true outlineColor=white outlineTransparency=95 outlineWidth=10 background=false color=black dropShadow=false",,"https://version-12-0.string-db.org//images/Proteinpictures/pdb/5x/5xte_A.png","stringdb","rgb(155,239,117)","protein","MGREFGNLTRMRHVISYSLSPFEQRAYPHVFTKGIPNVLRRIRESFFRVVPQFVVFYLIYTWGTEEFERSKRKNPAAYENDK","Homo sapiens","string:","5xte_A|AF-O14949","Tbio","Other","2.055123","2.901546","0.937955","2.335157","2.190832","1.679428","4.742437","2.698362","2.894535","4.691952","2.662882","3.231303","4.769822","2.400875","1.979245","4.439195","2.384992","2.363448","2.152255","1.838429"
"stringdb:9606.ENSP00000423673","1.567136","2.73777","1.441185","0.869445","1.778306","0.60128","1.241345","5.0","5.0","1.069783","1.540921","NDUFA13","9606.ENSP00000423673","NDUFA13","false","9606.ENSP00000423673","NDUAD_HUMAN","9606.ENSP00000423673","NADH dehydrogenase [ubiquinone] 1 alpha subcomplex subunit 13; Accessory subunit of the mitochondrial membrane respiratory chain NADH dehydrogenase (Complex I), that is believed not to be involved in catalysis. Complex I functions in the transfer of electrons from NADH to the respiratory chain. The immediate electron acceptor for the enzyme is believed to be ubiquinone. Involved in the interferon/all-trans-retinoic acid (IFN/RA) induced cell death. This apoptotic activity is inhibited by interaction with viral IRF1. Prevents the transactivation of STAT3 target genes. May play a role in [...] ","label: attribute=""display name"" labelsize=12 labelAlignment=left position=northeast outline=true outlineColor=white outlineTransparency=95 outlineWidth=10 background=false color=black dropShadow=false",,"https://version-12-0.string-db.org//images/Proteinpictures/pdb/5x/5xtd_W.png","stringdb","rgb(117,179,239)","protein","MAASKVKQDMPPPGGYGPIDYKRNLPRRGLSGYSMLAIGIGTLIYGHWSIMKWNRERRRLQIEDFEARIALLPLLQAETDRRTLQMLRENLEEEAIIMKDVPDWKVGESVFHTTRWVPPLIGELYGLRTTEEALHASHGFMWYT","Homo sapiens","string:","5ldw_Z|5o31_Z|5xtb_W|5xtc_W|5xtd_W|7vbz_W|AF-Q9P0J0","Tclin","Enzyme","4.486257","2.658335","0.986005","2.52175","2.324443","1.676389","3.290366","2.957059","2.976834","3.092481","3.425651","3.310397","4.889904","2.414017","2.254771","4.515286","2.581638","2.55365","2.783629","1.821732"
"stringdb:9606.ENSP00000359098","1.213153","1.271727","1.147005","0.590303","1.21247",,"0.928759","4.782442","1.629507","0.867891","1.198575","COX7A2","9606.ENSP00000359098","COX7A2","false","9606.ENSP00000359098","CX7A2_HUMAN","9606.ENSP00000359098","Cytochrome c oxidase subunit 7A2, mitochondrial; Component of the cytochrome c oxidase, the last enzyme in the mitochondrial electron transport chain which drives oxidative phosphorylation. The respiratory chain contains 3 multisubunit complexes succinate dehydrogenase (complex II, CII), ubiquinol- cytochrome c oxidoreductase (cytochrome b-c1 complex, complex III, CIII) and cytochrome c oxidase (complex IV, CIV), that cooperate to transfer electrons derived from NADH and succinate to molecular oxygen, creating an electrochemical gradient over the inner membrane that drives transmembran [...] ","label: attribute=""display name"" labelsize=12 labelAlignment=left position=northeast outline=true outlineColor=white outlineTransparency=95 outlineWidth=10 background=false color=black dropShadow=false",,"https://version-12-0.string-db.org//images/Proteinpictures/pdb/5z/5z62_J.png","stringdb","rgb(117,130,239)","protein","MHTQDSEVVPVPAWPFSLVVFSCGGCWSVTAKMLRNLLALRQIGQRTISTASRRHFKNKVPEKQKLFQEDDEIPLYLKGGVADALLYRATMILTVGGTAYAIYELAVASFPKKQE","Homo sapiens","string:","5z62_J|AF-P14406","Tbio","Enzyme","1.920123","4.576114","0.84932","2.308405","2.701856","1.803457","4.631838","2.635871","2.798594","4.574441","2.772735","3.193892","4.734515","2.230426","1.780557","2.212178","2.278306","2.37098","2.389233","1.870014"
"stringdb:9606.ENSP00000274137","1.195047","2.005163","1.193965",,"1.932339","0.692746","0.949852","4.773006","1.872085","0.912569","1.210521","NDUFS6","9606.ENSP00000274137","NDUFS6","false","9606.ENSP00000274137","NDUS6_HUMAN","9606.ENSP00000274137","NADH dehydrogenase [ubiquinone] iron-sulfur protein 6, mitochondrial; Accessory subunit of the mitochondrial membrane respiratory chain NADH dehydrogenase (Complex I), that is believed not to be involved in catalysis. Complex I functions in the transfer of electrons from NADH to the respiratory chain. The immediate electron acceptor for the enzyme is believed to be ubiquinone.","label: attribute=""display name"" labelsize=12 labelAlignment=left position=northeast outline=true outlineColor=white outlineTransparency=95 outlineWidth=10 background=false color=black dropShadow=false",,"https://version-12-0.string-db.org//images/Proteinpictures/pdb/6z/6zke_b.png","stringdb","rgb(117,117,239)","protein","MAAAMTFCRLLNRCGEAARSLPLGARCFGVRVSPTGEKVTHTGQVYDDKDYRRIRFVGRQKEVNENFAIDLIAEQPVSEVETRVIACDGGGGALGHPKVYINLDKETKTGTCGYCGLQFRQHHH","Homo sapiens","string:","5ldw_R|5xtd_T|6zke_b|AF-O75380","Tclin","Enzyme","1.174157","2.646226","0.946876","1.707383","1.702899","1.090909","3.126038","2.290154","2.405879","4.515355","4.420512","2.902241","2.653765","1.741391","1.202307","4.386598","1.887635","1.827625","1.210853","1.090909"
"stringdb:9606.ENSP00000482543","1.25905","1.550256","1.430331","0.960747","1.448654","0.977499","1.079815","5.0","1.736258","0.770202","1.523645","NDUFA6","9606.ENSP00000482543","NDUFA6","false","9606.ENSP00000482543","NDUA6_HUMAN","9606.ENSP00000482543","NADH dehydrogenase [ubiquinone] 1 alpha subcomplex subunit 6; Accessory subunit of the mitochondrial membrane respiratory chain NADH dehydrogenase (Complex I), that is believed to be not involved in catalysis. Required for proper complex I assembly. Complex I functions in the transfer of electrons from NADH to the respiratory chain. The immediate electron acceptor for the enzyme is believed to be ubiquinone.","label: attribute=""display name"" labelsize=12 labelAlignment=left position=northeast outline=true outlineColor=white outlineTransparency=95 outlineWidth=10 background=false color=black dropShadow=false",,"https://version-12-0.string-db.org//images/Proteinpictures/pdb/7q/7qsm_W.png","stringdb","rgb(117,239,157)","protein","MGKDIRPRSARAACKGVGLWSGCFGKMAGSGVRQATSTASTFVKPIFSRDMNEAKRRVRELYRAWYREVPNTVHQFQLDITVKMGRDKVREMFMKNAHVTDPRVVDLLVIKGKIELEETIKVWKQRTHVMRFFHETEAPRPKDFLSKFYVGHDP","Homo sapiens","string:","5xtd_E|7qsm_W|AF-P56556","Tclin","Enzyme","1.60061","2.484872","1.169684","2.115322","1.443141","1.318063","4.620998","2.524949","2.708787","2.671591","2.31643","4.651818","4.048149","1.904901","1.361728","2.563467","2.303245","2.192584","1.981788","1.486667"
"stringdb:9606.ENSP00000497474","1.247423","1.401103","1.227789","0.518917","1.247491",,"0.94359","4.781233","1.705261","1.042635","1.215315","COX7B","9606.ENSP00000497474","COX7B","false","9606.ENSP00000497474","COX7B_HUMAN","9606.ENSP00000497474","Cytochrome c oxidase subunit 7B, mitochondrial; Component of the cytochrome c oxidase, the last enzyme in the mitochondrial electron transport chain which drives oxidative phosphorylation. The respiratory chain contains 3 multisubunit complexes succinate dehydrogenase (complex II, CII), ubiquinol- cytochrome c oxidoreductase (cytochrome b-c1 complex, complex III, CIII) and cytochrome c oxidase (complex IV, CIV), that cooperate to transfer electrons derived from NADH and succinate to molecular oxygen, creating an electrochemical gradient over the inner membrane that drives transmembrane [...] ","label: attribute=""display name"" labelsize=12 labelAlignment=left position=northeast outline=true outlineColor=white outlineTransparency=95 outlineWidth=10 background=false color=black dropShadow=false",,"https://version-12-0.string-db.org//images/Proteinpictures/pdb/2y/2ybb_V.png","stringdb","rgb(117,239,239)","protein","MFPLVKSALNRLQVRSIQQTMARQSHQKRTPDFHDKYGNAVLASGATFCIVTWTYVATQVGIEWNLSPVGRVTPKEWRNQ","Homo sapiens","string:","2ybb_V|5iy5_K|AF-P24311","Tbio","Enzyme","1.859554","3.108496","0.8596","2.220555","2.193651","1.213075","4.63054","2.351369","2.786434","4.151825","2.533219","3.311077","3.501672","1.979502","1.537189","2.013179","2.184206","1.594761","2.099317","1.360467"
"stringdb:9606.ENSP00000259037","1.133634","2.246865","1.102468","0.539456","1.238456",,"0.965102","4.846533","4.559932","0.999947","1.080455","NDUFB5","9606.ENSP00000259037","NDUFB5","false","9606.ENSP00000259037","NDUB5_HUMAN","9606.ENSP00000259037","NADH dehydrogenase [ubiquinone] 1 beta subcomplex subunit 5, mitochondrial; Accessory subunit of the mitochondrial membrane respiratory chain NADH dehydrogenase (Complex I), that is believed not to be involved in catalysis. Complex I functions in the transfer of electrons from NADH to the respiratory chain. The immediate electron acceptor for the enzyme is believed to be ubiquinone.","label: attribute=""display name"" labelsize=12 labelAlignment=left position=northeast outline=true outlineColor=white outlineTransparency=95 outlineWidth=10 background=false color=black dropShadow=false",,"https://version-12-0.string-db.org//images/Proteinpictures/pdb/7q/7qsm_h.png","stringdb","rgb(117,239,135)","protein","MAAMSLLRRVSVTAVAALSGRPLGTRLGFGGFLTRGFPKAAAPVRHSGDHGKRLFVIRPSRFYDRRFLKLLRFYIALTGIPVAIFITLVNVFIGQAELAEIPEGYVPEHWEYYKHPISRWIARNFYDSPEKIYERTMAVLQIEAEKAELRVKELEVRKLMHVRGDGPWYYYETIDKELIDHSPKATPDN","Homo sapiens","string:","5lc5_h|5ldw_h|5xtd_a|7qsm_h|AF-O43674","Tclin","Enzyme","1.892836","2.611663","1.35698","1.642211","1.90555","1.64411","4.633223","2.433306","3.220439","4.519012","3.018321","3.258352","4.925088","2.123682","1.594761","4.569402","2.155696","1.647817","2.265099","4.364172"
"stringdb:9606.ENSP00000317780","1.606554","1.875794","1.584255","0.812722","1.58784","0.693903","1.286217","4.796288","2.034364","1.40366","1.547781","COX5A","9606.ENSP00000317780","COX5A","false","9606.ENSP00000317780","COX5A_HUMAN","9606.ENSP00000317780","Cytochrome c oxidase subunit 5A, mitochondrial; Component of the cytochrome c oxidase, the last enzyme in the mitochondrial electron transport chain which drives oxidative phosphorylation. The respiratory chain contains 3 multisubunit complexes succinate dehydrogenase (complex II, CII), ubiquinol- cytochrome c oxidoreductase (cytochrome b-c1 complex, complex III, CIII) and cytochrome c oxidase (complex IV, CIV), that cooperate to transfer electrons derived from NADH and succinate to molecular oxygen, creating an electrochemical gradient over the inner membrane that drives transmembrane [...] ","label: attribute=""display name"" labelsize=12 labelAlignment=left position=northeast outline=true outlineColor=white outlineTransparency=95 outlineWidth=10 background=false color=black dropShadow=false",,"https://version-12-0.string-db.org//images/Proteinpictures/pdb/2y/2y69_E.png","stringdb","rgb(117,208,239)","protein","MLGAALRRCAVAATTRADPRGLLHSARTPGPAVAIQSVRCYSHGSQETDEEFDARWVTYFNKPDIDAWELRKGINTLVTYDMVPEPKIIDAALRACRRLNDFASTVRILEVVKDKAGPHKEIYPYVIQELRPTLNELGISTPEELGLDKV","Homo sapiens","string:","2y69_E|2ybb_P|AF-P20674","Tbio","Enzyme","2.325716","3.184535","1.252249","2.419704","2.282897","1.682446","4.784594","3.2279","3.021172","4.623966","2.562309","3.792554","4.827316","2.633476","1.912753","2.455253","2.529253","3.027561","2.472951","1.902003"
"stringdb:9606.ENSP00000457513","2.198915","3.730086","2.434822","1.812829","2.602175","1.725775","2.426351","5.0","4.560397","2.240905","2.559194","COX4I1","9606.ENSP00000457513","COX4I1","false","9606.ENSP00000457513","COX41_HUMAN","9606.ENSP00000457513","Cytochrome c oxidase subunit 4 isoform 1, mitochondrial; Component of the cytochrome c oxidase, the last enzyme in the mitochondrial electron transport chain which drives oxidative phosphorylation. The respiratory chain contains 3 multisubunit complexes succinate dehydrogenase (complex II, CII), ubiquinol- cytochrome c oxidoreductase (cytochrome b-c1 complex, complex III, CIII) and cytochrome c oxidase (complex IV, CIV), that cooperate to transfer electrons derived from NADH and succinate to molecular oxygen, creating an electrochemical gradient over the inner membrane that drives tran [...] ","label: attribute=""display name"" labelsize=12 labelAlignment=left position=northeast outline=true outlineColor=white outlineTransparency=95 outlineWidth=10 background=false color=black dropShadow=false",,"https://version-12-0.string-db.org//images/Proteinpictures/pdb/2y/2y69_D.png","stringdb","rgb(144,239,117)","protein","MLATRVFSLVGKRAISTSVCVRAHESVVKSEDFSLPAYMDRRDHPLPEVAHVKHLSASQKALKEKEKASWSSLSMDEKVELYRIKFKESFAEMNRGSNEWKTVVGGAMFFIGFTALVIMWQKHYVYGPLPQSFDKEWVAKQTKRMLDMKVNPIQGLASKWDYEKNEWKK","Homo sapiens","string:","2y69_D|2ybb_O|AF-P13073","Tbio","Enzyme","3.170001","3.371989","1.929639","3.193795","4.065827","2.560386","4.847553","4.202688","3.627221","4.810617","4.330746","4.811631","4.980488","4.416093","2.789834","3.625918","3.123742","3.233081","3.158138","2.350248"
"stringdb:9606.ENSP00000276689","1.374263","1.8647","1.284664","0.637097","1.588337","0.810479","0.842089","4.841544","1.692895","1.010837","1.322316","NDUFB9","9606.ENSP00000276689","NDUFB9","false","9606.ENSP00000276689","NDUB9_HUMAN","9606.ENSP00000276689","NADH dehydrogenase [ubiquinone] 1 beta subcomplex subunit 9; Accessory subunit of the mitochondrial membrane respiratory chain NADH dehydrogenase (Complex I), that is believed to be not involved in catalysis. Complex I functions in the transfer of electrons from NADH to the respiratory chain. The immediate electron acceptor for the enzyme is believed to be ubiquinone.","label: attribute=""display name"" labelsize=12 labelAlignment=left position=northeast outline=true outlineColor=white outlineTransparency=95 outlineWidth=10 background=false color=black dropShadow=false",,"https://version-12-0.string-db.org//images/Proteinpictures/pdb/5x/5xtd_p.png","stringdb","rgb(117,239,126)","protein","MAFLASGPYLTHQQKVLRLYKRALRHLESWCVQRDKYRYFACLMRARFEEHKNEKDMAKATQLLKEAEEEFWYRQHPQPYIFPDSPGGTSYERYDCYKVPEWCLDDWHPSEKAMYPDYFAKREQWKKLRRESWEREVKQLQEETPPGGPLTEALPPARKEGDLPPLWWYIVTRPRERPM","Homo sapiens","string:","5ldw_n|5xtd_p|AF-Q9Y6M9","Tclin","Enzyme","2.111583","4.602968","1.057158","2.522861","2.200768","1.651278","3.227501","2.737041","2.844617","4.586388","3.132859","3.437704","4.904709","3.4567","1.962527","4.19057","2.340399","2.616767","1.902003","1.735066"
"stringdb:9606.ENSP00000252711","1.331414","2.609208","1.222347","0.80517","1.2267","0.541797","1.299419","4.777329","1.627593","1.062037","1.188521","NDUFA10","9606.ENSP00000252711","NDUFA10","false","9606.ENSP00000252711","NDUAA_HUMAN","9606.ENSP00000252711","NADH dehydrogenase [ubiquinone] 1 alpha subcomplex subunit 10, mitochondrial; Accessory subunit of the mitochondrial membrane respiratory chain NADH dehydrogenase (Complex I), that is believed not to be involved in catalysis. Complex I functions in the transfer of electrons from NADH to the respiratory chain. The immediate electron acceptor for the enzyme is believed to be ubiquinone.","label: attribute=""display name"" labelsize=12 labelAlignment=left position=northeast outline=true outlineColor=white outlineTransparency=95 outlineWidth=10 background=false color=black dropShadow=false",,"https://version-12-0.string-db.org//images/Proteinpictures/pdb/5x/5xtd_w.png","stringdb","rgb(117,174,239)","protein","MALRLLKLAATSASARVVAAGAQRVRGIHSSVQCKLRYGMWHFLLGDKASKRLTERSRVITVDGNICTGKGKLAKEIAEKLGFKHFPEAGIHYPDSTTGDGKPLATDYNGNCSLEKFYDDPRSNDGNSYRLQSWLYSSRLLQYSDALEHLLTTGQGVVLERSIFSDFVFLEAMYNQGFIRKQCVDHYNEVKSVTICDYLPPHLVIYIDVPVPEVQRRIQKKGDPHEMKITSAYLQDIENAYKKTFLPEMSEKCEVLQYSAREAQDSKKVVEDIEYLKFDKGPWLKQDNRTLYHLRLLVQDKFEVLNYTSIPIFLPEVTIGAHQTDRVLHQFRELPGRKYSPGYNTEVGDKWIWLK","Homo sapiens","string:","5ldw_O|5xtd_w|AF-O95299","Tclin","Enzyme","2.256336","2.530112","1.008672","1.887163","2.204547","1.593286","3.224714","2.542476","2.720607","4.539533","3.199775","3.140397","4.708705","2.020309","1.604226","2.871498","1.951562","1.655138","2.071477","1.696648"
"stringdb:9606.ENSP00000263774","1.501235","1.887889","1.522907","1.143373","1.623578","0.813602","1.480661","5.0","4.40401","1.304067","1.538849","NDUFS3","9606.ENSP00000263774","NDUFS3","false","9606.ENSP00000263774","NDUS3_HUMAN","9606.ENSP00000263774","NADH dehydrogenase [ubiquinone] iron-sulfur protein 3, mitochondrial; Core subunit of the mitochondrial membrane respiratory chain NADH dehydrogenase (Complex I) that is believed to belong to the minimal assembly required for catalysis. Complex I functions in the transfer of electrons from NADH to the respiratory chain. The immediate electron acceptor for the enzyme is believed to be ubiquinone (By similarity).","label: attribute=""display name"" labelsize=12 labelAlignment=left position=northeast outline=true outlineColor=white outlineTransparency=95 outlineWidth=10 background=false color=black dropShadow=false",,"https://version-12-0.string-db.org//images/Proteinpictures/pdb/6z/6zke_5.png","stringdb","rgb(117,117,239)","protein","MAAAAVARLWWRGILGASALTRGTGRPSVLLLPVRRESAGADTRPTVRPRNDVAHKQLSAFGEYVAEILPKYVQQVQVSCFNELEVCIHPDGVIPVLTFLRDHTNAQFKSLVDLTAVDVPTRQNRFEIVYNLLSLRFNSRIRVKTYTDELTPIESAVSVFKAANWYEREIWDMFGVFFANHPDLRRILTDYGFEGHPFRKDFPLSGYVELRYDDEVKRVVAEPVELAQEFRKFDLNSPWEAFPVYRQPPESLKLEAGDKKPDAK","Homo sapiens","string:","5xtd_P|6zke_5|AF-O75489","Tclin","Enzyme","2.262175","2.539705","1.221281","2.403656","2.490946","1.413858","3.457808","2.746122","2.877702","4.586847","3.072155","3.650138","4.862636","3.577357","1.50515","4.518801","2.255941","2.441631","2.096675","1.538239"
"stringdb:9606.ENSP00000369176","1.047579","2.386426","1.208109",,"1.850171",,"0.703752","5.0","4.664395","0.991544","1.215784","NDUFB6","9606.ENSP00000369176","NDUFB6","false","9606.ENSP00000369176","NDUB6_HUMAN","9606.ENSP00000369176","NADH dehydrogenase [ubiquinone] 1 beta subcomplex subunit 6; Accessory subunit of the mitochondrial membrane respiratory chain NADH dehydrogenase (Complex I), that is believed not to be involved in catalysis. Complex I functions in the transfer of electrons from NADH to the respiratory chain. The immediate electron acceptor for the enzyme is believed to be ubiquinone.","label: attribute=""display name"" labelsize=12 labelAlignment=left position=northeast outline=true outlineColor=white outlineTransparency=95 outlineWidth=10 background=false color=black dropShadow=false",,"https://version-12-0.string-db.org//images/Proteinpictures/pdb/5x/5xtd_b.png","stringdb","rgb(117,239,134)","protein","MTGYTPDEKLRLQQLRELRRRWLKDQELSPREPVLPPQKMGPMEKFWNKFLENKSPWRKMVHGVYKKSIFVFTHVLVPVWIIHYYMKYHVSEKPYGIVEKKSRIFPGDTILETGEVIPPMKEFPDQHH","Homo sapiens","string:","5ldw_i|5o31_i|5xtd_b|AF-O95139","Tclin","Enzyme","1.906128","4.524878","1.01257","1.479456","1.849855","1.090909","2.698173","2.186544","2.444785","2.52086","1.924776","2.941008","4.734695","2.13394","1.181844","4.397917","1.730831","1.796925","1.869713","1.176091"
"stringdb:9606.ENSP00000332887","1.041431","1.99533","1.448395",,"1.630059",,"0.663879","4.754678","1.563152","1.450799","1.104578","UQCR10","9606.ENSP00000332887","UQCR10","false","9606.ENSP00000332887","QCR9_HUMAN","9606.ENSP00000332887","Cytochrome b-c1 complex subunit 9; Component of the ubiquinol-cytochrome c oxidoreductase, a multisubunit transmembrane complex that is part of the mitochondrial electron transport chain which drives oxidative phosphorylation. The respiratory chain contains 3 multisubunit complexes succinate dehydrogenase (complex II, CII), ubiquinol-cytochrome c oxidoreductase (cytochrome b-c1 complex, complex III, CIII) and cytochrome c oxidase (complex IV, CIV), that cooperate to transfer electrons derived from NADH and succinate to molecular oxygen, creating an electrochemical gradient over the inn [...] ","label: attribute=""display name"" labelsize=12 labelAlignment=left position=northeast outline=true outlineColor=white outlineTransparency=95 outlineWidth=10 background=false color=black dropShadow=false",,"https://version-12-0.string-db.org//images/Proteinpictures/pdb/2y/2ybb_J.png","stringdb","rgb(117,210,239)","protein","MAAATLTSKLYSLLFRRTSTFALTIIVGVMFFERAFDQGADAIYDHINEGKLWKHIKHKYENK","Homo sapiens","string:","2ybb_J|3tgu_J|AF-Q9UDW1","Tbio","Other","1.789581","4.569441","0.614314","4.364694","2.205046","1.557106","4.594439","2.529366","2.387086","4.549661","2.468362","3.067306","3.148886","1.779598","1.560305","2.150711","2.247876","2.15385","1.654497","4.339446"
"stringdb:9606.ENSP00000458770","1.464731","4.38201","1.463536","0.876211","1.708372","1.241369","1.890546","5.0","4.376498","1.213719","1.67634","NDUFAB1","9606.ENSP00000458770","NDUFAB1","false","9606.ENSP00000458770","ACPM_HUMAN","9606.ENSP00000458770","Acyl carrier protein, mitochondrial; Carrier of the growing fatty acid chain in fatty acid biosynthesis (By similarity). Accessory and non-catalytic subunit of the mitochondrial membrane respiratory chain NADH dehydrogenase (Complex I), which functions in the transfer of electrons from NADH to the respiratory chain.","label: attribute=""display name"" labelsize=12 labelAlignment=left position=northeast outline=true outlineColor=white outlineTransparency=95 outlineWidth=10 background=false color=black dropShadow=false",,"https://version-12-0.string-db.org//images/Proteinpictures/pdb/7o/7of0_w.png","stringdb","rgb(117,182,239)","protein","MASRVLSAYVSRLPAAFAPLPRVRMLAVARPLSTALCSAGTQTRLGTLQPALVLAQVPGRVTQLCRQYSDMPPLTLEGIQDRVLYVLKLYDKIDPEKLSVNSHFMKDLGLDSLDQVEIIMAMEDEFGFEIPDIDAEKLMCPQEIVDYIADKKDVYE","Homo sapiens","string:","7of0_w|7qh7_w|7v2h_G|AF-O14561","Tclin","Other","2.118981","3.295906","1.536203","2.110161","2.309715","1.316669","3.100215","2.732083","3.091483","4.564155","2.743332","3.199332","4.557051","3.407946","1.894686","4.442511","2.585241","2.321663","2.164517","1.454337"
"stringdb:9606.ENSP00000466818","1.479449","2.319289","1.302122","0.589317","3.300533","0.863793","0.950394","4.750717","1.849595","1.150799","1.367062","COX6B1","9606.ENSP00000466818","COX6B1","false","9606.ENSP00000466818","CX6B1_HUMAN","9606.ENSP00000466818","Cytochrome c oxidase subunit 6B1; Component of the cytochrome c oxidase, the last enzyme in the mitochondrial electron transport chain which drives oxidative phosphorylation. The respiratory chain contains 3 multisubunit complexes succinate dehydrogenase (complex II, CII), ubiquinol- cytochrome c oxidoreductase (cytochrome b-c1 complex, complex III, CIII) and cytochrome c oxidase (complex IV, CIV), that cooperate to transfer electrons derived from NADH and succinate to molecular oxygen, creating an electrochemical gradient over the inner membrane that drives transmembrane transport and [...] ","label: attribute=""display name"" labelsize=12 labelAlignment=left position=northeast outline=true outlineColor=white outlineTransparency=95 outlineWidth=10 background=false color=black dropShadow=false",,"https://version-12-0.string-db.org//images/Proteinpictures/pdb/2y/2ybb_S.png","stringdb","rgb(117,153,239)","protein","MAEDMETKIKNYKTAPFDSRFPNQNQTRNCWQNYLDFHRCQKAMTAKGGDISVCEWYQRVYQSLCPTSWVTDWDEQRAEGTFPGKI","Homo sapiens","string:","2ybb_S|AF-P14854","Tbio","Enzyme","2.350872","4.601513","0.948141","2.554939","4.452619","1.888741","3.654634","2.787982","4.630036","4.640134","2.682142","4.818344","4.864596","2.22885","1.999131","2.972497","2.411482","2.36178","2.304876","2.018145"
"stringdb:9606.ENSP00000309565","1.077281","1.803398","1.098308","0.590483","2.980077",,"1.002582","4.516997","1.834934","0.883882","1.149977","UQCRH","9606.ENSP00000309565","UQCRH","false","9606.ENSP00000309565","QCR6_HUMAN","9606.ENSP00000309565","Cytochrome b-c1 complex subunit 6, mitochondrial; Component of the ubiquinol-cytochrome c oxidoreductase, a multisubunit transmembrane complex that is part of the mitochondrial electron transport chain which drives oxidative phosphorylation. The respiratory chain contains 3 multisubunit complexes succinate dehydrogenase (complex II, CII), ubiquinol-cytochrome c oxidoreductase (cytochrome b-c1 complex, complex III, CIII) and cytochrome c oxidase (complex IV, CIV), that cooperate to transfer electrons derived from NADH and succinate to molecular oxygen, creating an electrochemical gradie [...] ","label: attribute=""display name"" labelsize=12 labelAlignment=left position=northeast outline=true outlineColor=white outlineTransparency=95 outlineWidth=10 background=false color=black dropShadow=false",,"https://version-12-0.string-db.org//images/Proteinpictures/pdb/5n/5nmi_U.png","stringdb","rgb(179,239,117)","protein","MGLEDEQKMLTESGDPEEEEEEEEELVDPLTTVREQCEQLEKCVKARERLELCDERVSSRSHTEEDCTEELFDFLHARDHCVAHKLFNNLK","Homo sapiens","string:","1qcr_H|2ybb_H|5nmi_U|7o37_H|AF-P07919","Tbio","Other","1.876218","3.074598","0.706716","2.36491","2.883532","1.899456","3.345023","2.915236","3.021502","3.944888","4.732792","3.283906","4.437679","4.445851","1.977419","3.132526","2.490997","2.36329","2.36176","2.087308"
"stringdb:9606.ENSP00000362873","1.227523","2.233023","0.98607",,"2.28952",,"0.77096","5.0","1.582512","1.151182","1.045565","NDUFA8","9606.ENSP00000362873","NDUFA8","false","9606.ENSP00000362873","NDUA8_HUMAN","9606.ENSP00000362873","NADH dehydrogenase [ubiquinone] 1 alpha subcomplex subunit 8; Accessory subunit of the mitochondrial membrane respiratory chain NADH dehydrogenase (Complex I), that is believed not to be involved in catalysis. Complex I functions in the transfer of electrons from NADH to the respiratory chain. The immediate electron acceptor for the enzyme is believed to be ubiquinone.","label: attribute=""display name"" labelsize=12 labelAlignment=left position=northeast outline=true outlineColor=white outlineTransparency=95 outlineWidth=10 background=false color=black dropShadow=false",,"https://version-12-0.string-db.org//images/Proteinpictures/pdb/5x/5xtd_u.png","stringdb","rgb(117,239,155)","protein","MPGIVELPTLEELKVDEVKISSAVLKAAAHHYGAQCDKPNKEFMLCRWEEKDPRRCLEEGKLVNKCALDFFRQIKRHCAEPFTEYWTCIDYTGQQLFRHCRKQQAKFDECVLDKLGWVRPDLGELSKVTKVKTDRPLPENPYHSRPRPDPSPEIEGDLQPATHGSRFYFWTK","Homo sapiens","string:","5ldw_X|5xtd_u|AF-P51970","Tclin","Enzyme","1.962205","2.12998","0.880335","1.52884","1.448154","2.063204","3.413091","2.704679","4.546106","4.492952","2.228294","3.444368","4.776569","4.319253","1.547403","2.243944","2.499015","2.555526","1.989606","2.063204"
"stringdb:9606.ENSP00000229379","1.35808","1.538548","1.2535","0.665758","1.705055","0.740271","1.186106","4.787031","1.849192","1.237678","1.586847","COX6A1","9606.ENSP00000229379","COX6A1","false","9606.ENSP00000229379","CX6A1_HUMAN","9606.ENSP00000229379","Cytochrome c oxidase subunit 6A1, mitochondrial; Component of the cytochrome c oxidase, the last enzyme in the mitochondrial electron transport chain which drives oxidative phosphorylation. The respiratory chain contains 3 multisubunit complexes succinate dehydrogenase (complex II, CII), ubiquinol- cytochrome c oxidoreductase (cytochrome b-c1 complex, complex III, CIII) and cytochrome c oxidase (complex IV, CIV), that cooperate to transfer electrons derived from NADH and succinate to molecular oxygen, creating an electrochemical gradient over the inner membrane that drives transmembran [...] ","label: attribute=""display name"" labelsize=12 labelAlignment=left position=northeast outline=true outlineColor=white outlineTransparency=95 outlineWidth=10 background=false color=black dropShadow=false",,"https://version-12-0.string-db.org//images/Proteinpictures/pdb/5z/5z62_G.png","stringdb","rgb(117,171,239)","protein","MAVVGVSSVSRLLGRSRPQLGRPMSSGAHGEEGSARMWKTLTFFVALPGVAVSMLNVYLKSHHGEHERPEFIAYPHLRIRTKPFPWGDGNHTLFHNPHVNPLPTGYEDE","Homo sapiens","string:","5z62_G|AF-P12074","Tbio","Enzyme","2.366625","3.159013","1.391323","2.224891","3.228522","1.539912","3.292102","3.118428","3.387733","4.736025","3.164562","2.94775","4.844879","2.414852","1.728759","2.528905","2.952402","3.356875","2.674793","1.592547"
"stringdb:9606.ENSP00000306397","1.534821","2.133134","1.774692","0.978957","1.608314","1.02947","1.411289","5.0","2.130229","1.56258","1.778487","UQCRFS1","9606.ENSP00000306397","UQCRFS1","false","9606.ENSP00000306397","UCRI_HUMAN","9606.ENSP00000306397","Cytochrome b-c1 complex subunit Rieske, mitochondrial; [Cytochrome b-c1 complex subunit Rieske, mitochondrial]: Component of the ubiquinol-cytochrome c oxidoreductase, a multisubunit transmembrane complex that is part of the mitochondrial electron transport chain which drives oxidative phosphorylation. The respiratory chain contains 3 multisubunit complexes succinate dehydrogenase (complex II, CII), ubiquinol-cytochrome c oxidoreductase (cytochrome b- c1 complex, complex III, CIII) and cytochrome c oxidase (complex IV, CIV), that cooperate to transfer electrons derived from NADH and su [...] ","label: attribute=""display name"" labelsize=12 labelAlignment=left position=northeast outline=true outlineColor=white outlineTransparency=95 outlineWidth=10 background=false color=black dropShadow=false",,"https://version-12-0.string-db.org//images/Proteinpictures/pdb/5n/5nmi_R.png","stringdb","rgb(117,117,239)","protein","MLSVASRSGPFAPVLSATSRGVAGALRPLVQATVPATPEQPVLDLKRPFLSRESLSGQAVRRPLVASVGLNVPASVCYSHTDIKVPDFSEYRRLEVLDSTKSSRESSEARKGFSYLVTGVTTVGVAYAAKNAVTQFVSSMSASADVLALAKIEIKLSDIPEGKNMAFKWRGKPLFVRHRTQKEIEQEAAVELSQLRDPQHDLDRVKKPEWVILIGVCTHLGCVPIANAGDFGGYYCPCHGSHYDASGRIRLGPAPLNLEVPTYEFTSDDMVIVG","Homo sapiens","string:","1qcr_I|1rie_A|2ybb_E|2ybb_I|5nmi_R|5xte_B|6fo0_V|6fo2_V|7o37_T|AF-P47985","Tbio","Other","2.666272","3.328987","1.258449","2.436052","2.412573","2.063204","3.696585","2.954126","4.612584","3.195294","4.554315","3.568304","4.891286","2.748252","2.419954","2.918317","2.794868","2.689213","2.570211","2.063204"
"stringdb:9606.ENSP00000252102","1.295503","2.132806","1.125268","0.584515","1.308362","0.653221","0.906135","5.0","1.680401","1.741689","1.256879","NDUFA2","9606.ENSP00000252102","NDUFA2","false","9606.ENSP00000252102","NDUA2_HUMAN","9606.ENSP00000252102","NADH dehydrogenase [ubiquinone] 1 alpha subcomplex subunit 2; Accessory subunit of the mitochondrial membrane respiratory chain NADH dehydrogenase (Complex I), that is believed not to be involved in catalysis. Complex I functions in the transfer of electrons from NADH to the respiratory chain. The immediate electron acceptor for the enzyme is believed to be ubiquinone.","label: attribute=""display name"" labelsize=12 labelAlignment=left position=northeast outline=true outlineColor=white outlineTransparency=95 outlineWidth=10 background=false color=black dropShadow=false",,"https://version-12-0.string-db.org//images/Proteinpictures/pdb/7q/7qsm_S.png","stringdb","rgb(117,239,160)","protein","MAAAAASRGVGAKLGLREIRIHLCQRSPGSQGVRDFIEKRYVELKKANPDLPILIRECSDVQPKLWARYAFGQETNVPLNNFSADQVTRALENVLSGKA","Homo sapiens","string:","5xtd_F|7qsm_S|AF-O43678","Tclin","Enzyme","4.339794","4.48213","0.921232","2.19601","1.624382","1.404834","4.579952","2.382038","4.525094","2.53439","3.035186","2.978691","2.80421","1.986764","1.63212","2.00088","2.089356","2.082683","1.916212","1.477121"
"stringdb:9606.ENSP00000356972","1.374618","2.754139","1.348033","0.588177","1.376747",,"1.190113","5.0","2.789943","1.061931","1.492087","NDUFS2","9606.ENSP00000356972","NDUFS2","false","9606.ENSP00000356972","NDUS2_HUMAN","9606.ENSP00000356972","NADH dehydrogenase [ubiquinone] iron-sulfur protein 2, mitochondrial; Core subunit of the mitochondrial membrane respiratory chain NADH dehydrogenase (Complex I) that is believed to belong to the minimal assembly required for catalysis. Complex I functions in the transfer of electrons from NADH to the respiratory chain. The immediate electron acceptor for the enzyme is believed to be ubiquinone.","label: attribute=""display name"" labelsize=12 labelAlignment=left position=northeast outline=true outlineColor=white outlineTransparency=95 outlineWidth=10 background=false color=black dropShadow=false",,"https://version-12-0.string-db.org//images/Proteinpictures/pdb/5x/5xtd_Q.png","stringdb","rgb(117,117,239)","protein","MAALRALCGFRGVAAQVLRPGAGVRLPIQPSRGVRQWQPDVEWAQQFGGAVMYPSKETAHWKPPPWNDVDPPKDTIVKNITLNFGPQHPAAHGVLRLVMELSGEMVRKCDPHIGLLHRGTEKLIEYKTYLQALPYFDRLDYVSMMCNEQAYSLAVEKLLNIRPPPRAQWIRVLFGEITRLLNHIMAVTTHALDLGAMTPFFWLFEEREKMFEFYERVSGARMHAAYIRPGGVHQDLPLGLMDDIYQFSKNFSLRLDELEELLTNNRIWRNRTIDIGVVTAEEALNYGFSGVMLRGSGIQWDLRKTQPYDVYDQVEFDVPVGSRGDCYDRYLCRVEEMRQSLRIIAQCLNKMPPGEIKVDDAKVSPPKRAEMKTSMESLIHHFKLYTEGYQVPPGATYTAIEAPKGEFGVYLVSDGSSRPYRCKIKAPGFAHLAGLDKMSKGHMLADVVAIIGTQDIVFGEVDR","Homo sapiens","string:","5xtc_Q|5xtd_Q|7vbz_Q|7vwl_Q|AF-O75306","Tclin","Enzyme","2.499964","2.865294","1.134521","2.013973","3.186062","1.473244","3.356105","3.463711","2.86986","4.737146","3.489063","4.688065","4.724916","2.06304","1.425969","3.940667","2.109003","2.074965","2.099853","1.570543"
"stringdb:9606.ENSP00000258424","1.590915","2.603049","1.602228","0.923029","1.853864","0.764504","1.312758","4.904915","2.236238","1.452357","1.539736","COX5B","9606.ENSP00000258424","COX5B","false","9606.ENSP00000258424","COX5B_HUMAN","9606.ENSP00000258424","Cytochrome c oxidase subunit 5B, mitochondrial; Component of the cytochrome c oxidase, the last enzyme in the mitochondrial electron transport chain which drives oxidative phosphorylation. The respiratory chain contains 3 multisubunit complexes succinate dehydrogenase (complex II, CII), ubiquinol- cytochrome c oxidoreductase (cytochrome b-c1 complex, complex III, CIII) and cytochrome c oxidase (complex IV, CIV), that cooperate to transfer electrons derived from NADH and succinate to molecular oxygen, creating an electrochemical gradient over the inner membrane that drives transmembrane [...] ","label: attribute=""display name"" labelsize=12 labelAlignment=left position=northeast outline=true outlineColor=white outlineTransparency=95 outlineWidth=10 background=false color=black dropShadow=false",,"https://version-12-0.string-db.org//images/Proteinpictures/pdb/2y/2y69_F.png","stringdb","rgb(117,209,239)","protein","MASRLLRGAGTLAAQALRARGPSGAAAMRSMASGGGVPTDEEQATGLEREIMLAAKKGLDPYNVLAPKGASGTREDPNLVPSISNKRIVGCICEEDNTSVVWFWLHKGEAQRCPRCGAHYKLVPQQLAH","Homo sapiens","string:","2y69_F|2ybb_Q|AF-P10606","Tbio","Enzyme","2.377712","2.851379","1.139759","2.323717","2.348068","1.362985","3.969788","3.632115","3.083577","4.83441","2.6289","3.350302","3.738656","2.426426","1.729705","4.50383","2.575669","2.554284","2.531742","1.456366"
